,fit_time,score_time,test_accuracy_score,test_cross_entropy_loss,test_average_precision_score,test_cohen_kappa_score,test_f1_score,test_recall_score,test_roc_auc_score,test_specificity_score
SVC(C=1),1.3113124132156373,0.22101542949676514,0.722972052773443,9.568302327136164,0.6729003243985219,0.4464822949675053,0.7226241901537144,0.722972052773443,0.7235131294639601,0.755490311215502
