,fit_time,score_time,test_accuracy_score,test_cross_entropy_loss,test_average_precision_score,test_cohen_kappa_score,test_f1_score,test_recall_score,test_roc_auc_score,test_specificity_score
SVC(C=1),0.07739363889232136,0.021826303666226322,0.026359117566633207,0.9104191244676737,0.02191707810387699,0.052555277265792795,0.02651949375281456,0.026359117566633207,0.02623750292482733,0.03243314955401122
