,fit_time,score_time,test_accuracy_score,test_cross_entropy_loss,test_average_precision_score,test_cohen_kappa_score,test_f1_score,test_recall_score,test_roc_auc_score,test_specificity_score
SVC(C=1),29.08155172665914,0.2212795893351237,0.7383428355748027,9.431080141321043,0.6853133973071218,0.47686983225027774,0.738182826222144,0.7383428355748027,0.7385913710746119,0.753118927642196
"SVC(C=1, gamma='auto')",27.379780181248982,0.20295238494873047,0.7398459776051702,9.376901410983864,0.6874165382973499,0.4799414744249049,0.7397098876687925,0.7398459776051702,0.740159554387297,0.7592310816893367
