,fit_time,score_time,test_accuracy_score,test_cross_entropy_loss,test_average_precision_score,test_cohen_kappa_score,test_f1_score,test_recall_score,test_roc_auc_score,test_specificity_score
SVC(C=1),73.07809631824493,1.402914571762085,0.7569552408773581,8.760221055857976,0.7058743026918692,0.5143220950215157,0.7567857775339452,0.7569552408773581,0.7574521203357689,0.7871446048804789
"SVC(C=1, gamma='auto')",77.55418581962586,1.3388736724853516,0.7570517898697827,8.756741077439953,0.706137630418709,0.5145288617974785,0.756861771492119,0.7570517898697827,0.7575658084769467,0.788107587379032
