,fit_time,score_time,test_accuracy_score,test_cross_entropy_loss,test_average_precision_score,test_cohen_kappa_score,test_f1_score,test_recall_score,test_roc_auc_score,test_specificity_score
SVC(C=1),182.8264530181885,16.239688444137574,0.7565790357832494,8.773780861873252,0.7056859938328623,0.5135953585603812,0.7563890775640537,0.7565790357832494,0.7570993547008185,0.7882936638755192
"SVC(C=1, gamma='auto')",184.2111722946167,16.912329840660096,0.7576155228145622,8.736422082574293,0.707226359222048,0.5157158670343689,0.7573488204746193,0.7576155228145622,0.7581857930340806,0.7921184882383538
"DecisionTreeClassifier(criterion='entropy', max_depth=20)",38.57432110309601,0.07678303718566895,0.6367043549607792,13.094502307569414,0.5951887687496498,0.2733373383142804,0.6366424664136069,0.6367043549607792,0.6366934844550257,0.6362636718606918
"RandomForestClassifier(criterion='entropy', max_depth=20, max_features=1,
                       n_estimators=10)",12.78337802886963,0.09347264766693116,0.5726797296628212,15.402183710177109,0.5490251612523532,0.14400561590045485,0.5715680635501899,0.5726797296628212,0.5719062660423565,0.5255353362197168
GradientBoostingClassifier(),464.4599346637726,0.07335784435272216,0.7362719180359176,9.505723575290064,0.6850828054875711,0.47298925642401873,0.7361044803112232,0.7362719180359176,0.7367661310994548,0.7661186933620506
