,fit_time,score_time,test_accuracy_score,test_cross_entropy_loss,test_average_precision_score,test_cohen_kappa_score,test_f1_score,test_recall_score,test_roc_auc_score,test_specificity_score
SVC(C=1),1.3962324781027198,0.024333472118655563,0.01769157507302354,0.637668999839605,0.018579833308174278,0.0354318244175604,0.017714700013488124,0.01769157507302354,0.017774108560081773,0.03249439139265044
"SVC(C=1, gamma='auto')",0.4472112296176761,0.003967358511313823,0.01947899783527835,0.7020942463421365,0.01972957295641376,0.03902725344213298,0.019489903774504543,0.01947899783527835,0.01956365790694247,0.03050127984699677
