,fit_time,score_time,test_accuracy_score,test_cross_entropy_loss,test_average_precision_score,test_cohen_kappa_score,test_f1_score,test_recall_score,test_roc_auc_score,test_specificity_score
KNeighborsClassifier(n_neighbors=1),0.10207767486572265,0.23859612941741942,0.6704570692960058,11.87793117112862,0.6232063541666885,0.34117166192359233,0.6703495180358651,0.6704570692960058,0.670700565266906,0.6852109477447382
SVC(C=1),25.860100173950194,3.973943567276001,0.7567696581529081,8.766910135253054,0.7071169909712232,0.5140899160397743,0.7564813986705267,0.7567696581529081,0.757407156566006,0.7955656652234749
"SVC(C=1, gamma='auto')",28.550673031806944,4.573516488075256,0.758367225684154,8.709327964891125,0.7086007716097448,0.5172526381286945,0.7581115629593375,0.758367225684154,0.7589801917398316,0.795565298931159
