,fit_time,score_time,test_accuracy_score,test_cross_entropy_loss,test_average_precision_score,test_cohen_kappa_score,test_f1_score,test_recall_score,test_roc_auc_score,test_specificity_score
SVC(C=1),3.3512545358085335,1.8066778363552267,0.01075138533472075,0.3875192064575117,0.010996293885497221,0.02145227295393302,0.010772402708218536,0.01075138533472075,0.010725510209390611,0.014192602255537107
"SVC(C=1, gamma='auto')",4.438545991187814,2.5384284628199514,0.009650874251153485,0.3478527664105329,0.00976540501329274,0.019215143705363372,0.00972926108547374,0.009650874251153485,0.009586177122758447,0.01757543120366896
"DecisionTreeClassifier(criterion='entropy', max_depth=20)",0.5351917831633689,0.021411452136151907,0.014676178236315472,0.5289830814266597,0.011402657575698631,0.029340228063235954,0.014690278984629985,0.014676178236315472,0.014675110669271931,0.02107924880424003
"RandomForestClassifier(criterion='entropy', max_depth=20, max_features=1,
                       n_estimators=10)",0.24756942056464848,0.03281139658286476,0.009928565340485524,0.3578617677836621,0.006041114085093091,0.01967986217665399,0.009659646734524864,0.009928565340485524,0.009807403413976769,0.018785667303589042
GradientBoostingClassifier(),2.5860059326721716,0.02361805788652075,0.014564082465188668,0.5249427403057787,0.015498474865155716,0.029194577078767804,0.014510886076586986,0.014564082465188668,0.014662399849829545,0.02107456051431967
