,fit_time,score_time,test_accuracy_score,test_cross_entropy_loss,test_average_precision_score,test_cohen_kappa_score,test_f1_score,test_recall_score,test_roc_auc_score,test_specificity_score
SVC(C=1),8.542217053785764,0.17195393133626086,0.04221683560857288,1.5216489898607388,0.044676505190936924,0.08429685725883741,0.04237683947468118,0.04221683560857288,0.042192250756815604,0.058128930238802015
"SVC(C=1, gamma='auto')",13.044557254201969,0.22392683883086825,0.04554341977835524,1.6415512366460985,0.04394351537283253,0.09110902167504879,0.04551504995139746,0.04554341977835524,0.04552714513099598,0.06030259879718291
"DecisionTreeClassifier(criterion='entropy', max_depth=20)",1.9420116400861187,0.013324036702139486,0.050290891181454786,1.8126674503741647,0.03995848406457608,0.10073532007512007,0.0504187838103471,0.050290891181454786,0.050395717723867854,0.0714790986596945
"RandomForestClassifier(criterion='entropy', max_depth=20, max_features=1,
                       n_estimators=10)",1.011170097554961,0.016873687943807458,0.042933195839839344,1.547469229738256,0.03231412825848405,0.08570795767608805,0.04310892832942375,0.042933195839839344,0.04285542543908339,0.0627446146379337
GradientBoostingClassifier(),13.72446676000844,0.011246199919591525,0.04592842133012086,1.6554280991322106,0.043032088591550305,0.09140920470194383,0.04640748676107559,0.04592842133012086,0.045617090684376194,0.048156405941076987
