,fit_time,score_time,test_accuracy_score,test_cross_entropy_loss,test_average_precision_score,test_cohen_kappa_score,test_f1_score,test_recall_score,test_roc_auc_score,test_specificity_score
SVC(C=1),7.640438011321909,0.13615919911507665,0.04158303303645046,1.4988044296340275,0.04478267728496375,0.08312147791588566,0.041689954087753674,0.04158303303645046,0.04161309934080687,0.059480933089359866
"SVC(C=1, gamma='auto')",7.8048361283486125,0.13087558186301648,0.04564270892950232,1.6451299803953432,0.04608542975310376,0.09105862560051245,0.04596657196249435,0.04564270892950232,0.04556206057471647,0.060372009237992894
