,fit_time,score_time,test_accuracy_score,test_cross_entropy_loss,test_average_precision_score,test_cohen_kappa_score,test_f1_score,test_recall_score,test_roc_auc_score,test_specificity_score
SVC(C=1),77.0631826210022,0.7969140338897706,0.7628989596191147,8.545987717687696,0.7154100654692577,0.5263205889684437,0.7623038639930348,0.7628989596191147,0.7635251731147954,0.7997641509433963
"SVC(C=1, gamma='auto')",124.19314388990402,1.004936966896057,0.7459301710456708,9.157604851462116,0.6902039566536128,0.4914704368149822,0.7454293531693055,0.7459301710456708,0.7456171182067408,0.7274564586357041
"DecisionTreeClassifier(criterion='entropy', max_depth=20)",14.941512172222138,0.03670759677886963,0.6436827719978839,12.842974662679302,0.6028778945561715,0.2871032544749717,0.6430449676774892,0.6436827719978839,0.6435555848763396,0.6370101596516692
"RandomForestClassifier(criterion='entropy', max_depth=20, max_features=1,
                       n_estimators=10)",8.458635501861572,0.0545025634765625,0.6362466937048139,13.110998091249051,0.5969099226056673,0.27258476259189035,0.6354474810735022,0.6362466937048139,0.636340861444635,0.6423584905660378
GradientBoostingClassifier(),156.39660123586654,0.03487150430679321,0.7370992770234527,9.475902534714981,0.6877995927035334,0.4747332391516716,0.7363877774075904,0.7370992770234527,0.7376248124691522,0.7695391872278663
