,fit_time,score_time,test_accuracy_score,test_cross_entropy_loss,test_average_precision_score,test_cohen_kappa_score,test_f1_score,test_recall_score,test_roc_auc_score,test_specificity_score
SVC(C=1),9.830134124893673,0.18782725248157556,0.036931526870135956,1.3311471536380466,0.038628492451815204,0.07371615670127771,0.03707922851059228,0.036931526870135956,0.03685444299398439,0.049855991836662464
"SVC(C=1, gamma='auto')",13.222400480820399,0.1789920683954552,0.041293997312317435,1.4883865261763038,0.04021717159188004,0.08254609528362478,0.04141557622226843,0.041293997312317435,0.04122330936982088,0.05348624074514836
