,fit_time,score_time,test_accuracy_score
SVC(C=1),4.253199100494385,0.46776518821716306,0.7781496223277087
