,fit_time,score_time,test_accuracy_score
SVC(C=1),0.6222613277574571,0.08517261433463011,0.007868895363588861
