,fit_time,score_time,test_accuracy_score,test_cross_entropy_loss,test_average_precision_score,test_cohen_kappa_score,test_f1_score,test_recall_score,test_roc_auc_score,test_specificity_score
KNeighborsClassifier(n_neighbors=1),0.020050827980075774,0.036978155937124564,0.01222445550684444,0.4406140371593855,0.010408922393108462,0.024447714164067998,0.01223227585206872,0.01222445550684444,0.012232738016153611,0.020645504304210412
SVC(C=1),0.0889005823681745,0.11028752734193734,0.01440287608532601,0.5191322734258953,0.014758402252476464,0.028755625313271537,0.014452180644188224,0.01440287608532601,0.014385925869997518,0.01636212365772018
"SVC(C=1, gamma='auto')",1.075630446041861,0.4045940119753762,0.014294508740319662,0.5152263184037871,0.015564561458926733,0.028615028664894942,0.014269059534638438,0.014294508740319662,0.014359954437316042,0.020313186702160778
