,fit_time,score_time,test_accuracy_score,test_cross_entropy_loss,test_average_precision_score,test_cohen_kappa_score,test_f1_score,test_recall_score,test_roc_auc_score,test_specificity_score
SVC(C=1),63.70376412153244,0.6329697442054748,0.7723637806383354,8.204840989480878,0.7241537558023093,0.5450807731880358,0.7718309823234444,0.7723637806383354,0.7728391938250428,0.8024056603773585
"SVC(C=1, gamma='auto')",70.91740369796753,0.7053061676025391,0.7416355140186914,9.312399980767697,0.6959173300050382,0.4840479617972586,0.7405333796999577,0.7416355140186914,0.7424467644514813,0.7934288824383162
