,fit_time,score_time,test_accuracy_score,test_cross_entropy_loss,test_average_precision_score,test_cohen_kappa_score,test_f1_score,test_recall_score,test_roc_auc_score,test_specificity_score
SVC(C=1),70.98831253051758,0.7259104466438293,0.7625921354258507,8.557046782561098,0.7145123266446664,0.5256899565268666,0.762021840282049,0.7625921354258507,0.7631925373717827,0.800297532656023
"SVC(C=1, gamma='auto')",110.38114371061324,0.8362571597099304,0.745789984129783,9.162657700068069,0.6896128774131981,0.49120585091053187,0.7452924205228952,0.745789984129783,0.7454845222911259,0.7282619738751813
