,fit_time,score_time,test_accuracy_score,test_cross_entropy_loss,test_average_precision_score,test_cohen_kappa_score,test_f1_score,test_recall_score,test_roc_auc_score,test_specificity_score
SVC(C=1),5.473706149943892,0.6169890206317642,0.011170803760288343,0.40263657881367976,0.011769636678175486,0.022343241241861152,0.011169564950402024,0.011170803760288343,0.01119432383938579,0.01665951322997376
"SVC(C=1, gamma='auto')",3.2240723486649787,0.49401367613313135,0.009039469374289327,0.3258155009484242,0.010744254941176274,0.01815270631153282,0.008980819441614279,0.009039469374289327,0.009143545347907603,0.019259123197472226
